NIM,Age,Gender,EconomicStatus,JobStatus,Address,EarlyGPA,GPA,CreditsTaken,SemesterCount,KeyCoursesGrades,AttendancePercentage,ExtraCurricularActivity,RepeatingCourses,AcademicMotivation,FamilySupport,AcademicGuidance,StressLevel,FinancialSupport,CampusFacilitiesAccess,GraduationStatus
20240001.0,25,Female,Moderate,Unemployed,Suburban,3.08,3.73,128.0,8,3.97,90.0,Inactive,2.0,Medium,Moderate,Yes,Low,Adequate,Moderate,Tepat Waktu
20240002.0,24,Male,Low,Unemployed,Urban,3.0,3.93,84.0,6,3.91,89.0,Moderate,4.0,Low,High,No,Moderate,Adequate,Moderate,Tepat Waktu
20240003.0,22,Female,,Part-time,Suburban,2.45,3.32,134.0,8,3.53,98.0,Inactive,0.0,High,Moderate,No,Low,Inadequate,High,Tepat Waktu
20240004.0,24,Male,Moderate,Part-time,Urban,3.21,2.49,107.0,7,2.73,70.0,Moderate,5.0,Medium,Low,No,High,Adequate,Moderate,Terlambat
20240005.0,24,Female,High,Unemployed,Urban,,2.13,148.0,9,3.57,87.0,Moderate,5.0,Low,High,Yes,High,Adequate,Moderate,Terlambat
20240006.0,21,Male,Moderate,Part-time,Rural,2.81,3.95,104.0,8,2.77,83.0,Inactive,4.0,High,Moderate,No,Low,Adequate,Moderate,Tepat Waktu
20240007.0,22,Female,Low,Unemployed,Suburban,2.62,2.76,104.0,10,3.69,95.0,,4.0,Low,Moderate,No,High,Inadequate,Moderate,Terlambat
20240008.0,23,Male,Moderate,Part-time,Rural,3.47,2.08,117.0,10,2.57,95.0,Inactive,3.0,High,Moderate,Yes,High,Adequate,Low,Terlambat
20240009.0,24,Male,High,Employed,Rural,2.83,3.81,118.0,8,3.29,77.0,Moderate,1.0,Low,Low,Yes,Moderate,Adequate,Moderate,Tepat Waktu
20240010.0,20,Female,High,Part-time,Suburban,3.29,2.32,119.0,8,3.5,80.0,Moderate,3.0,High,Moderate,Yes,Moderate,Inadequate,High,Terlambat
20240011.0,20,Female,Moderate,Unemployed,Suburban,3.12,3.19,97.0,7,2.76,94.0,Moderate,3.0,Medium,Low,No,Low,Adequate,Moderate,Tepat Waktu
20240012.0,22,Female,Moderate,Part-time,Suburban,3.7,2.2,98.0,6,3.57,100.0,Inactive,1.0,High,High,Yes,Moderate,Inadequate,High,Terlambat
20240013.0,25,Male,High,,,2.63,3.05,141.0,7,3.6,69.0,Moderate,4.0,High,High,Yes,Moderate,Adequate,Moderate,Tepat Waktu
20240014.0,19,Male,Moderate,Employed,Rural,2.91,3.06,136.0,9,3.74,64.0,Active,4.0,Medium,High,Yes,High,Adequate,High,Tepat Waktu
20240015.0,21,Female,Low,Employed,Suburban,2.72,3.06,117.0,10,2.8,95.0,Inactive,3.0,Low,Low,Yes,High,Adequate,High,Tepat Waktu
20240016.0,25,Female,High,Employed,Suburban,2.97,3.72,134.0,8,2.78,82.0,Active,3.0,Medium,High,No,Low,Adequate,High,Tepat Waktu
20240017.0,18,Male,Low,Unemployed,Urban,3.64,2.63,107.0,10,3.4,68.0,Moderate,5.0,Medium,Low,No,High,Adequate,Moderate,Terlambat
20240018.0,25,Female,Low,Unemployed,Rural,2.35,3.39,109.0,10,3.07,71.0,Moderate,4.0,High,High,No,High,Adequate,High,Tepat Waktu
20240019.0,21,Male,Moderate,Part-time,Suburban,3.28,2.85,123.0,6,3.53,62.0,Inactive,0.0,Medium,Low,Yes,High,Inadequate,Low,Terlambat
20240020.0,24,Female,High,Part-time,Rural,2.75,3.39,139.0,8,3.58,65.0,Active,3.0,High,Low,No,High,Inadequate,Low,Tepat Waktu
20240021.0,18,Female,Moderate,Unemployed,Rural,3.31,3.27,137.0,8,2.66,71.0,Moderate,0.0,Medium,Moderate,No,High,Adequate,Low,Tepat Waktu
20240022.0,19,Male,High,Part-time,Rural,3.15,3.26,95.0,7,3.27,98.0,Moderate,2.0,High,Moderate,Yes,Low,Inadequate,Low,Tepat Waktu
20240023.0,23,Female,Low,Part-time,Suburban,3.02,3.88,114.0,10,2.66,98.0,Inactive,1.0,Medium,Moderate,No,High,Inadequate,High,Tepat Waktu
20240024.0,24,Male,Low,Part-time,Rural,3.98,2.36,95.0,8,2.63,67.0,Inactive,5.0,Medium,Moderate,Yes,Moderate,Inadequate,Low,Terlambat
20240025.0,23,Male,High,Part-time,Urban,2.16,3.69,134.0,8,2.79,92.0,Active,1.0,Medium,Moderate,Yes,High,Adequate,Moderate,Tepat Waktu
20240026.0,21,Male,Moderate,Unemployed,Urban,2.54,3.98,100.0,10,2.65,68.0,Inactive,1.0,Medium,Moderate,No,Moderate,Adequate,Low,Tepat Waktu
20240027.0,23,Male,Low,Unemployed,Urban,3.41,3.1,146.0,8,3.83,84.0,Inactive,0.0,High,High,Yes,High,Inadequate,High,Tepat Waktu
20240028.0,22,Male,Low,Part-time,Suburban,2.3,3.32,146.0,8,3.4,92.0,Active,1.0,Low,High,No,Moderate,Adequate,High,Tepat Waktu
20240029.0,25,Female,Low,Employed,Suburban,2.06,3.44,128.0,7,3.32,79.0,Active,1.0,High,Moderate,No,Moderate,Adequate,Moderate,Tepat Waktu
20240030.0,25,Male,High,Part-time,Suburban,3.63,3.0,139.0,10,2.7,85.0,Active,5.0,High,Moderate,No,Low,Inadequate,High,Tepat Waktu
20240031.0,18,Female,High,Unemployed,,2.4,3.03,124.0,9,3.24,95.0,Moderate,0.0,Medium,High,Yes,Low,Inadequate,Low,Tepat Waktu
20240032.0,21,Male,Low,Part-time,Suburban,3.92,3.22,113.0,7,3.92,63.0,Inactive,4.0,Medium,Moderate,No,High,Adequate,High,Tepat Waktu
20240033.0,18,Male,High,Employed,Urban,3.86,3.54,120.0,7,2.79,86.0,Active,4.0,Medium,High,Yes,High,Inadequate,Low,Tepat Waktu
20240034.0,21,Male,Low,Employed,Rural,2.84,3.65,88.0,8,3.63,76.0,Moderate,5.0,,Low,Yes,Moderate,Inadequate,Low,Tepat Waktu
20240035.0,23,Female,Low,Employed,Urban,3.58,3.8,96.0,6,3.81,91.0,Moderate,2.0,High,Moderate,No,Moderate,Adequate,Moderate,Tepat Waktu
20240036.0,25,Female,High,Part-time,Rural,2.93,2.9,95.0,7,3.85,94.0,Active,0.0,Medium,Moderate,Yes,High,Adequate,Moderate,Terlambat
20240037.0,20,Male,High,Employed,Urban,2.49,2.54,139.0,7,2.59,88.0,Active,2.0,Low,Low,No,Low,Adequate,Low,Terlambat
20240038.0,20,Female,Low,Part-time,Suburban,3.62,2.14,132.0,10,3.41,93.0,Moderate,2.0,Medium,High,Yes,High,Inadequate,Moderate,Terlambat
20240039.0,25,Female,High,Part-time,Suburban,3.24,2.5,94.0,7,3.88,92.0,Active,2.0,Low,Low,Yes,Moderate,Adequate,Moderate,Terlambat
20240040.0,21,Male,Moderate,Unemployed,Urban,2.79,3.45,138.0,6,3.6,81.0,Inactive,1.0,High,Low,No,High,Inadequate,Moderate,Tepat Waktu
20240041.0,25,Male,Low,Unemployed,Rural,2.71,3.21,114.0,6,3.93,88.0,Active,0.0,Medium,Moderate,Yes,Low,Inadequate,Moderate,Tepat Waktu
20240042.0,22,Female,High,Unemployed,Suburban,3.84,2.65,111.0,7,2.86,62.0,Moderate,0.0,High,Low,No,Low,Inadequate,Low,Terlambat
20240043.0,25,Male,Low,Part-time,Suburban,3.47,3.01,115.0,7,3.97,60.0,Moderate,2.0,Medium,Moderate,No,Low,Adequate,High,Tepat Waktu
20240044.0,22,Male,Low,Part-time,Rural,3.98,2.71,139.0,9,2.57,76.0,Active,3.0,Medium,High,Yes,Moderate,Inadequate,High,Terlambat
20240045.0,25,Male,Moderate,Part-time,Rural,3.5,3.72,147.0,6,2.91,85.0,Moderate,1.0,High,High,No,High,Adequate,Low,Tepat Waktu
20240046.0,23,Male,Low,Unemployed,Urban,3.58,2.41,137.0,8,3.05,82.0,Inactive,4.0,Medium,High,No,Moderate,Inadequate,High,Terlambat
20240047.0,23,Male,High,Part-time,Suburban,3.71,3.42,140.0,7,3.9,98.0,Active,3.0,Medium,Low,Yes,Low,Inadequate,High,Tepat Waktu
20240048.0,24,Female,Moderate,Unemployed,Rural,3.08,3.76,85.0,10,2.56,79.0,Moderate,3.0,Medium,High,No,Low,Inadequate,Moderate,Tepat Waktu
20240049.0,25,Male,High,Part-time,Rural,2.96,2.31,96.0,10,3.17,85.0,Moderate,2.0,Low,Low,Yes,Moderate,Inadequate,Low,Terlambat
20240050.0,21,Male,Moderate,Unemployed,Suburban,3.36,3.37,121.0,9,3.89,66.0,Inactive,5.0,Low,Low,No,High,Inadequate,High,Tepat Waktu
20240051.0,19,Female,Low,Employed,Urban,3.03,2.23,136.0,9,3.24,75.0,Inactive,1.0,Medium,Low,No,Low,Adequate,Low,Terlambat
20240052.0,25,Male,Low,Part-time,Urban,2.43,3.77,139.0,9,3.02,81.0,Active,3.0,High,Moderate,No,Moderate,Inadequate,Low,Tepat Waktu
20240053.0,18,Male,High,Employed,Urban,2.07,3.98,130.0,10,3.94,69.0,Inactive,5.0,High,Low,No,High,Adequate,Low,Tepat Waktu
20240054.0,20,Male,High,Part-time,Urban,2.07,2.61,99.0,8,3.81,89.0,Inactive,1.0,High,High,No,Low,Inadequate,High,Terlambat
20240055.0,18,Male,High,Employed,Suburban,2.91,3.0,134.0,8,3.57,62.0,Inactive,1.0,Medium,High,Yes,High,Inadequate,High,Tepat Waktu
20240056.0,20,Female,,Unemployed,Suburban,2.21,2.61,83.0,9,3.37,74.0,Active,4.0,,Low,Yes,High,Inadequate,Moderate,Terlambat
20240057.0,25,Male,Low,Unemployed,Urban,3.54,2.75,81.0,8,3.12,95.0,Moderate,1.0,High,Low,Yes,Low,Inadequate,High,Terlambat
20240058.0,24,Female,Moderate,Unemployed,Rural,3.76,2.99,108.0,8,3.46,73.0,Active,2.0,Low,High,Yes,Low,Inadequate,High,Terlambat
20240059.0,24,Male,Low,Unemployed,Rural,3.38,2.89,107.0,6,3.58,89.0,Inactive,2.0,High,Low,No,Low,Inadequate,High,Terlambat
20240060.0,21,Male,High,,Suburban,2.04,2.05,,6,2.63,82.0,Moderate,4.0,Medium,Low,No,Moderate,Adequate,High,Terlambat
20240061.0,23,Male,Moderate,Employed,Suburban,2.06,3.87,112.0,6,3.61,72.0,Moderate,2.0,Medium,High,Yes,Moderate,Inadequate,Moderate,Tepat Waktu
20240062.0,23,Female,Moderate,Employed,Rural,3.25,3.6,144.0,10,3.46,95.0,Inactive,2.0,High,Moderate,Yes,Moderate,Inadequate,Low,Tepat Waktu
20240063.0,20,Male,High,Unemployed,Suburban,2.34,3.3,111.0,9,2.84,99.0,Inactive,5.0,Low,Moderate,No,Low,Adequate,Moderate,Tepat Waktu
20240064.0,24,Female,Low,Unemployed,Rural,3.69,3.86,128.0,8,3.54,74.0,Active,1.0,Medium,Moderate,No,Moderate,Adequate,Moderate,Tepat Waktu
20240065.0,21,Female,High,Unemployed,Rural,3.27,2.89,130.0,6,3.84,67.0,Moderate,2.0,High,High,Yes,Low,Inadequate,Moderate,Terlambat
20240066.0,18,Male,High,Unemployed,Urban,3.59,2.87,101.0,8,3.86,67.0,Moderate,1.0,Low,High,Yes,Low,Adequate,High,Terlambat
20240067.0,23,Female,Moderate,Unemployed,Suburban,3.36,2.46,142.0,7,3.97,67.0,Active,0.0,Low,Moderate,No,High,Inadequate,Low,Terlambat
20240068.0,21,Male,Low,Part-time,Rural,3.81,2.5,112.0,9,3.07,72.0,Inactive,0.0,High,Low,No,High,Inadequate,High,Terlambat
20240069.0,25,Female,Moderate,Part-time,Urban,2.53,2.87,87.0,6,3.33,91.0,Active,3.0,Medium,Low,No,Low,Inadequate,Low,Terlambat
20240070.0,20,Male,Low,Part-time,Rural,3.74,2.49,114.0,9,3.73,86.0,Moderate,2.0,High,High,Yes,High,Adequate,Low,Terlambat
20240071.0,20,Male,Low,Unemployed,Urban,3.43,3.64,129.0,9,3.04,75.0,Active,5.0,High,High,No,Low,Inadequate,High,Tepat Waktu
20240072.0,25,Male,High,Unemployed,Suburban,3.12,3.36,118.0,7,3.35,76.0,Active,4.0,High,High,,Low,Adequate,Low,Tepat Waktu
20240073.0,19,Male,High,Employed,Suburban,3.54,4.0,141.0,7,3.56,78.0,,4.0,Low,Low,No,High,Inadequate,Low,Tepat Waktu
20240074.0,20,Male,High,Employed,Rural,3.89,2.32,122.0,10,2.86,86.0,Moderate,5.0,High,High,No,Low,Adequate,Moderate,Terlambat
20240075.0,23,Female,Low,Unemployed,Suburban,2.81,2.57,140.0,8,3.72,62.0,Moderate,0.0,Low,Low,No,Moderate,Adequate,High,Terlambat
20240076.0,25,Male,High,Part-time,Rural,3.23,3.24,146.0,10,3.01,93.0,Moderate,3.0,Low,Moderate,No,High,Adequate,High,Tepat Waktu
20240077.0,23,Female,High,Unemployed,Urban,3.98,3.12,110.0,8,2.53,100.0,Active,4.0,Low,Moderate,Yes,Moderate,Adequate,Moderate,Tepat Waktu
20240078.0,21,Male,Low,Part-time,Rural,3.73,3.68,105.0,10,3.58,83.0,Moderate,1.0,Medium,Moderate,Yes,High,Inadequate,Moderate,Tepat Waktu
20240079.0,24,Male,Low,Employed,Rural,3.73,3.77,86.0,8,3.14,90.0,Active,2.0,Low,Low,No,Moderate,Adequate,Moderate,Tepat Waktu
20240080.0,22,Male,Moderate,Unemployed,Urban,3.23,3.24,101.0,8,2.73,79.0,Moderate,3.0,Low,Low,Yes,Low,Inadequate,Low,Tepat Waktu
20240081.0,22,Female,High,,Urban,2.95,3.15,125.0,7,2.76,83.0,Active,5.0,High,Moderate,No,Low,Adequate,High,Tepat Waktu
20240082.0,18,Male,Low,Part-time,Suburban,3.06,3.76,138.0,6,2.53,81.0,Inactive,3.0,High,Low,Yes,High,Adequate,Low,Tepat Waktu
20240083.0,23,Female,Low,Unemployed,Rural,3.01,2.4,81.0,9,3.14,94.0,Moderate,0.0,Low,Low,Yes,Low,Inadequate,Low,Terlambat
20240084.0,25,Female,Moderate,Unemployed,Urban,,3.52,143.0,9,2.9,68.0,Moderate,4.0,High,Low,Yes,High,Inadequate,Moderate,Tepat Waktu
20240085.0,20,Male,High,Unemployed,Urban,3.73,2.67,149.0,10,3.35,62.0,Active,2.0,Medium,Moderate,No,Low,,Low,Terlambat
20240086.0,24,Female,Low,Unemployed,Urban,2.19,2.15,90.0,9,3.23,94.0,Moderate,4.0,High,Low,Yes,Moderate,Inadequate,Low,Terlambat
20240087.0,23,Male,Low,Unemployed,Suburban,3.84,2.53,125.0,6,3.02,68.0,Active,1.0,Low,Low,No,Moderate,Inadequate,Low,Terlambat
20240088.0,19,Male,High,Unemployed,Urban,3.24,3.64,82.0,8,2.84,72.0,Moderate,1.0,Medium,Moderate,Yes,High,Inadequate,Moderate,Tepat Waktu
20240089.0,22,Male,Low,Unemployed,Urban,3.38,3.88,125.0,9,2.51,67.0,Moderate,2.0,Medium,Low,Yes,High,Adequate,Low,Tepat Waktu
20240090.0,20,Female,Moderate,Unemployed,Urban,2.16,3.6,86.0,6,2.71,77.0,Active,3.0,Medium,High,Yes,Low,Inadequate,High,Tepat Waktu
20240091.0,19,Female,Low,Employed,Rural,2.62,2.23,108.0,6,3.95,96.0,Inactive,0.0,Low,Moderate,No,High,Adequate,High,
20240092.0,18,Female,High,Employed,Suburban,3.45,2.33,80.0,9,2.77,88.0,Moderate,2.0,Medium,Low,,High,,Low,Terlambat
20240093.0,24,Male,Moderate,Employed,Suburban,2.06,2.31,117.0,9,3.71,64.0,Active,2.0,Medium,Moderate,No,Moderate,Inadequate,Low,Terlambat
20240094.0,18,Male,High,Employed,Rural,3.4,3.93,88.0,7,2.7,66.0,Active,5.0,Low,Low,No,Moderate,Inadequate,High,Tepat Waktu
20240095.0,24,Female,Moderate,Unemployed,Urban,2.74,3.17,90.0,7,2.58,95.0,Moderate,3.0,High,Moderate,No,High,Adequate,Moderate,Tepat Waktu
20240096.0,18,Female,High,Employed,Urban,3.1,2.93,97.0,10,3.29,88.0,Active,3.0,Medium,Low,No,High,Adequate,Moderate,Terlambat
20240097.0,18,,Moderate,,Urban,2.21,3.87,,10,3.1,67.0,Active,0.0,Medium,Low,No,Low,Inadequate,High,Tepat Waktu
20240098.0,23,Male,High,Unemployed,Suburban,3.3,2.53,82.0,10,2.92,81.0,Moderate,5.0,Medium,Low,Yes,Moderate,,Moderate,Terlambat
20240099.0,19,Female,High,Part-time,Urban,2.02,3.25,82.0,9,3.84,64.0,Active,1.0,Low,High,Yes,Low,Inadequate,Moderate,Tepat Waktu
20240100.0,25,Male,Moderate,Unemployed,Urban,2.61,2.99,108.0,6,3.76,85.0,Active,5.0,High,Moderate,Yes,Low,Inadequate,High,Terlambat
20240101.0,23,Male,High,Employed,Rural,2.59,3.4,126.0,6,3.56,88.0,Moderate,5.0,Medium,Low,No,High,Adequate,Moderate,Tepat Waktu
20240102.0,23,Female,Low,Unemployed,Rural,3.9,2.83,133.0,9,3.47,83.0,Active,1.0,High,High,No,Moderate,Adequate,Moderate,Terlambat
20240103.0,23,Male,High,Part-time,Rural,3.77,2.83,143.0,9,3.2,85.0,Inactive,0.0,High,Moderate,No,Moderate,Adequate,Low,Terlambat
20240104.0,18,Male,High,Employed,Suburban,2.11,3.27,85.0,7,3.58,100.0,Inactive,3.0,Medium,Moderate,Yes,High,Adequate,Moderate,Tepat Waktu
20240105.0,25,Female,Moderate,Unemployed,Rural,2.15,2.1,148.0,7,2.74,97.0,Inactive,3.0,Low,High,Yes,Low,Inadequate,Moderate,Terlambat
20240106.0,22,Female,Low,Unemployed,Rural,2.7,3.56,122.0,7,2.91,73.0,Inactive,0.0,High,Low,No,Low,Adequate,Moderate,Tepat Waktu
20240107.0,22,Female,Moderate,Unemployed,Rural,3.63,2.88,130.0,7,2.57,74.0,Active,3.0,High,Low,No,Low,Adequate,High,Terlambat
20240108.0,19,Female,Moderate,Employed,Rural,3.43,3.03,121.0,7,3.87,84.0,Moderate,3.0,Low,Low,Yes,Moderate,Adequate,Low,Tepat Waktu
20240109.0,23,Female,High,Part-time,Suburban,2.02,3.11,118.0,8,3.69,79.0,Inactive,0.0,Medium,High,No,Moderate,Adequate,Low,Tepat Waktu
20240110.0,18,Male,High,Unemployed,Suburban,3.19,3.68,84.0,8,3.4,73.0,Moderate,1.0,Low,Moderate,No,Low,Inadequate,High,Tepat Waktu
20240111.0,19,Female,Low,Unemployed,Rural,3.54,2.4,132.0,9,2.92,100.0,Active,1.0,Low,Low,Yes,High,Inadequate,Moderate,Terlambat
20240112.0,23,Male,Low,Unemployed,Rural,3.38,3.41,145.0,7,2.71,74.0,Active,0.0,Medium,Low,No,High,Adequate,Moderate,Tepat Waktu
20240113.0,19,Female,High,Part-time,Rural,3.12,2.47,126.0,8,2.55,70.0,Active,1.0,Medium,Moderate,No,Moderate,Adequate,High,Terlambat
20240114.0,18,Female,High,Part-time,Suburban,2.14,3.99,90.0,8,2.81,86.0,Inactive,1.0,Medium,High,Yes,Moderate,Adequate,Low,Tepat Waktu
20240115.0,20,Female,Moderate,Unemployed,Rural,2.25,2.73,89.0,10,3.56,91.0,Inactive,5.0,High,Low,Yes,Low,Adequate,Low,Terlambat
20240116.0,18,Female,Low,Employed,Suburban,2.07,2.41,125.0,7,3.34,67.0,Inactive,4.0,Low,Moderate,Yes,High,Inadequate,Low,Terlambat
20240117.0,19,Male,Low,Part-time,Urban,2.26,2.83,111.0,7,3.4,69.0,Active,0.0,High,Low,Yes,High,Adequate,High,Terlambat
20240118.0,18,Female,Moderate,Unemployed,Urban,2.68,3.01,123.0,8,3.18,78.0,Inactive,0.0,Low,Moderate,Yes,Low,Inadequate,Low,Tepat Waktu
20240119.0,18,Male,Low,Employed,Suburban,3.6,2.18,95.0,6,2.74,67.0,Active,0.0,Low,High,Yes,Low,Adequate,Moderate,Terlambat
20240120.0,20,Female,Moderate,Unemployed,Rural,2.49,3.58,141.0,6,3.02,99.0,Active,0.0,Low,Moderate,Yes,Moderate,Inadequate,Low,Tepat Waktu
20240121.0,22,Male,Low,Unemployed,Rural,3.67,3.34,110.0,6,2.63,96.0,Moderate,3.0,Low,High,No,Moderate,Adequate,Moderate,Tepat Waktu
20240122.0,22,Female,Low,Unemployed,Urban,2.44,3.72,115.0,9,3.12,71.0,Active,5.0,High,Low,No,Moderate,Adequate,High,Tepat Waktu
20240123.0,22,Male,High,Part-time,Urban,2.69,3.69,101.0,9,2.53,94.0,Moderate,2.0,High,High,No,Low,Adequate,High,Tepat Waktu
20240124.0,20,Female,High,Unemployed,Suburban,3.59,3.73,93.0,10,3.77,65.0,Moderate,1.0,Low,Low,Yes,Moderate,Inadequate,High,Tepat Waktu
20240125.0,21,Male,Moderate,Employed,Suburban,3.15,2.31,117.0,9,2.92,62.0,Moderate,5.0,High,Moderate,No,High,Adequate,Moderate,Terlambat
20240126.0,22,Female,Low,Unemployed,Urban,3.18,3.07,117.0,7,2.99,76.0,Active,4.0,Medium,Moderate,Yes,Low,Inadequate,High,Tepat Waktu
20240127.0,20,Male,Moderate,Part-time,Rural,3.99,3.92,122.0,9,3.46,77.0,Inactive,1.0,Medium,High,No,Moderate,Inadequate,Low,Tepat Waktu
20240128.0,23,Male,Low,Part-time,Rural,3.54,3.34,132.0,7,3.24,73.0,Moderate,0.0,Medium,High,Yes,Moderate,Inadequate,High,Tepat Waktu
20240129.0,24,Male,Low,Unemployed,Urban,3.7,3.21,84.0,9,3.53,64.0,Moderate,3.0,High,Low,Yes,High,Adequate,Low,Tepat Waktu
20240130.0,20,Female,Moderate,Employed,Rural,3.77,2.17,135.0,7,2.54,88.0,Active,0.0,Medium,Low,No,Low,Inadequate,Low,Terlambat
20240131.0,22,Male,Low,Part-time,Suburban,2.62,3.26,100.0,10,3.17,96.0,Active,,High,High,Yes,High,Inadequate,Moderate,Tepat Waktu
20240132.0,22,Male,High,Part-time,Suburban,2.88,3.35,125.0,7,2.79,83.0,Active,1.0,Medium,Moderate,Yes,High,Adequate,Low,Tepat Waktu
20240133.0,18,Male,Low,Employed,Urban,3.67,3.15,115.0,9,2.75,75.0,Moderate,2.0,Low,High,Yes,High,Adequate,Moderate,Tepat Waktu
20240134.0,20,Male,Moderate,Unemployed,Rural,3.74,2.0,113.0,8,3.55,88.0,Inactive,2.0,High,High,Yes,High,Inadequate,Low,Terlambat
20240135.0,18,Female,High,Unemployed,Rural,3.33,3.6,138.0,10,2.51,63.0,Active,0.0,Medium,High,Yes,Moderate,Adequate,Low,Tepat Waktu
20240136.0,21,Male,High,Part-time,Rural,3.73,3.67,103.0,9,3.56,68.0,Active,3.0,Medium,High,No,Moderate,Inadequate,Moderate,Tepat Waktu
20240137.0,23,Male,Low,Employed,Urban,2.51,2.33,81.0,7,3.12,74.0,Inactive,3.0,Low,Low,Yes,Moderate,Adequate,High,Terlambat
20240138.0,24,Male,High,Employed,Urban,3.29,2.62,129.0,7,3.29,95.0,Active,1.0,High,Moderate,Yes,Low,Adequate,Moderate,Terlambat
20240139.0,22,Female,Low,Employed,Rural,2.43,2.05,132.0,7,3.7,91.0,Moderate,4.0,Low,High,No,Moderate,Adequate,Low,Terlambat
20240140.0,24,Male,High,Employed,Rural,3.32,2.19,119.0,10,3.81,71.0,Active,5.0,Medium,Low,No,High,Inadequate,High,Terlambat
20240141.0,19,Female,Moderate,Part-time,Urban,3.33,2.28,97.0,8,2.66,85.0,Inactive,3.0,Medium,High,No,High,Inadequate,Moderate,Terlambat
20240142.0,21,Male,Moderate,Employed,Rural,3.26,2.11,110.0,8,3.56,76.0,Moderate,5.0,Low,Moderate,No,Low,Adequate,High,Terlambat
20240143.0,20,Male,High,Part-time,Suburban,3.61,3.14,81.0,6,3.13,90.0,Inactive,,Low,Moderate,Yes,High,Adequate,High,Tepat Waktu
20240144.0,18,Female,Moderate,Part-time,Urban,3.33,3.31,123.0,10,3.25,81.0,Active,4.0,Low,Moderate,Yes,Low,Inadequate,Moderate,Tepat Waktu
20240145.0,21,Male,Low,Unemployed,Rural,2.18,3.15,107.0,7,3.93,66.0,Inactive,5.0,High,Low,Yes,Low,Inadequate,Moderate,Tepat Waktu
20240146.0,20,Female,Moderate,Employed,Suburban,2.96,2.11,80.0,9,3.23,66.0,Active,,Low,High,Yes,High,Adequate,Moderate,Terlambat
20240147.0,24,Female,High,Unemployed,Urban,2.28,3.17,99.0,8,3.56,91.0,Moderate,1.0,Medium,Moderate,Yes,Moderate,Inadequate,High,Tepat Waktu
20240148.0,19,Male,Low,Part-time,Rural,2.53,3.54,145.0,6,3.66,92.0,Moderate,0.0,High,Moderate,Yes,High,Inadequate,High,Tepat Waktu
20240149.0,25,Male,Moderate,Unemployed,Urban,2.02,3.37,104.0,9,2.83,90.0,Moderate,3.0,High,High,Yes,Low,Inadequate,Moderate,Tepat Waktu
20240150.0,19,,High,Unemployed,Rural,2.37,3.04,104.0,7,3.65,61.0,Moderate,4.0,High,Moderate,No,Moderate,Inadequate,Low,Tepat Waktu
,25,Female,High,Part-time,Urban,2.76,2.33,125.0,7,2.95,78.0,Active,1.0,Medium,Moderate,No,Low,Inadequate,Low,Terlambat
20240152.0,19,Female,Low,Employed,Urban,2.28,2.71,130.0,9,,,,,Medium,Low,Yes,Low,Adequate,Moderate,Terlambat
20240153.0,22,Male,Moderate,Unemployed,Suburban,3.47,3.97,99.0,7,3.22,61.0,Inactive,4.0,Low,Low,Yes,Moderate,Inadequate,Low,Tepat Waktu
20240154.0,19,Female,Moderate,Employed,Suburban,2.21,2.16,123.0,7,3.38,82.0,Inactive,4.0,Low,Moderate,No,Low,Adequate,Low,Terlambat
20240155.0,21,Male,Moderate,Part-time,Urban,3.7,2.64,102.0,7,3.78,76.0,Moderate,0.0,Medium,Low,No,Moderate,Inadequate,Low,Terlambat
20240156.0,18,Male,High,Employed,Suburban,3.47,2.55,91.0,6,2.6,93.0,Moderate,5.0,High,Moderate,Yes,High,Adequate,High,Terlambat
20240157.0,18,Female,Low,Unemployed,Rural,2.41,2.17,125.0,9,3.39,81.0,Inactive,5.0,Low,Moderate,Yes,Moderate,Adequate,Moderate,Terlambat
20240158.0,24,Female,Low,Unemployed,Rural,3.17,2.48,146.0,6,2.85,97.0,Moderate,4.0,Low,High,No,Low,Inadequate,High,Terlambat
20240159.0,19,Male,Low,Part-time,Rural,2.54,3.68,144.0,6,2.52,89.0,Inactive,0.0,Medium,Moderate,No,Moderate,Inadequate,Moderate,Tepat Waktu
20240160.0,22,Female,High,Unemployed,Urban,2.14,2.25,128.0,6,3.43,98.0,Active,2.0,High,Moderate,Yes,High,Inadequate,High,Terlambat
20240161.0,23,Male,Moderate,Unemployed,Suburban,3.28,3.33,111.0,7,3.37,60.0,Inactive,1.0,Medium,Low,Yes,High,Inadequate,Moderate,Tepat Waktu
20240162.0,20,Female,Moderate,Unemployed,Rural,3.26,3.14,90.0,10,3.57,92.0,Inactive,5.0,Medium,High,No,High,Inadequate,High,Tepat Waktu
20240163.0,18,Female,Low,Unemployed,Suburban,3.88,3.24,87.0,7,2.61,97.0,Moderate,2.0,Low,Moderate,No,Moderate,Inadequate,High,Tepat Waktu
20240164.0,21,Male,High,Unemployed,Suburban,3.61,2.25,82.0,6,2.65,95.0,Moderate,3.0,Low,Moderate,No,Low,Inadequate,High,Terlambat
20240165.0,24,Male,Moderate,Employed,Urban,3.62,2.59,119.0,7,3.18,86.0,Active,4.0,High,High,No,High,Inadequate,Moderate,Terlambat
20240166.0,20,Male,Moderate,Unemployed,Urban,3.76,3.66,135.0,6,2.67,62.0,Moderate,4.0,Medium,Low,No,Low,Adequate,Low,Tepat Waktu
20240167.0,19,Female,High,Employed,Suburban,2.93,2.54,147.0,6,3.2,81.0,Moderate,5.0,High,Moderate,Yes,Moderate,Inadequate,High,Terlambat
20240168.0,21,Female,Low,Unemployed,Urban,3.32,2.0,91.0,10,3.65,88.0,Active,1.0,Medium,High,Yes,Moderate,Adequate,High,Terlambat
20240169.0,18,Female,Moderate,Employed,Urban,2.41,2.96,115.0,7,3.77,75.0,Active,0.0,Medium,High,No,Low,Adequate,High,Terlambat
20240170.0,20,Male,Low,Part-time,Urban,2.66,3.41,149.0,6,3.12,76.0,Moderate,2.0,Low,High,No,Moderate,Adequate,High,Tepat Waktu
20240171.0,23,Male,Low,Employed,Rural,3.26,2.03,117.0,7,3.86,92.0,Moderate,3.0,Medium,Low,Yes,Moderate,Adequate,Moderate,Terlambat
20240172.0,23,Male,Low,Employed,Rural,3.03,2.62,100.0,9,3.63,96.0,Active,3.0,Low,High,Yes,Moderate,Adequate,Low,Terlambat
20240173.0,25,Male,Moderate,Part-time,Urban,3.32,2.86,147.0,6,3.44,78.0,Active,4.0,High,High,Yes,Moderate,Adequate,Moderate,Terlambat
20240174.0,18,Female,Low,Employed,Urban,2.24,3.33,132.0,6,2.5,66.0,Moderate,3.0,Low,Low,No,Moderate,Adequate,High,Tepat Waktu
20240175.0,24,Male,Low,Employed,Urban,2.53,2.68,80.0,10,2.74,62.0,Moderate,0.0,Medium,Low,No,Moderate,Inadequate,High,Terlambat
20240176.0,23,Male,Low,Part-time,Rural,2.65,2.97,125.0,9,3.16,77.0,Inactive,5.0,High,Moderate,Yes,Moderate,Adequate,High,Terlambat
20240177.0,25,Female,Moderate,Unemployed,Rural,3.27,2.86,119.0,9,3.97,81.0,Active,1.0,Medium,Moderate,No,High,Adequate,Low,Terlambat
20240178.0,22,Male,High,Part-time,Suburban,3.74,3.79,115.0,6,3.6,93.0,Active,1.0,Medium,Moderate,No,Moderate,Adequate,High,Tepat Waktu
20240179.0,18,Male,High,Part-time,Urban,2.5,3.63,91.0,9,3.35,62.0,Inactive,4.0,Medium,High,Yes,High,Adequate,Moderate,Tepat Waktu
20240180.0,24,Male,High,Unemployed,Urban,2.91,3.25,111.0,7,3.03,76.0,Active,4.0,High,Moderate,Yes,High,Inadequate,High,Tepat Waktu
20240181.0,19,Male,High,Part-time,Urban,2.73,2.25,121.0,10,3.89,80.0,Active,2.0,Medium,High,No,Low,Adequate,High,Terlambat
20240182.0,22,Male,Moderate,Unemployed,Rural,3.85,3.68,89.0,9,3.17,77.0,Inactive,2.0,Medium,Low,Yes,High,Adequate,High,Tepat Waktu
20240183.0,25,Female,Moderate,Unemployed,Rural,2.01,2.64,116.0,10,3.37,92.0,Moderate,0.0,Low,High,Yes,Low,Inadequate,High,Terlambat
20240184.0,24,Male,Moderate,Employed,Urban,3.64,2.9,117.0,7,3.66,60.0,Active,0.0,Medium,Low,No,Moderate,Inadequate,High,Terlambat
20240185.0,25,Male,High,Part-time,Urban,3.59,2.68,97.0,9,2.59,94.0,Inactive,2.0,Low,Low,Yes,Low,Adequate,Low,Terlambat
20240186.0,25,Male,High,Unemployed,Rural,3.11,2.02,131.0,9,2.58,86.0,Moderate,1.0,Medium,High,No,High,Inadequate,Moderate,Terlambat
20240187.0,25,Male,Moderate,Part-time,Urban,3.04,3.8,127.0,7,3.34,63.0,Inactive,5.0,Medium,High,No,Low,Inadequate,Moderate,Tepat Waktu
20240188.0,22,Female,Low,Part-time,Rural,2.81,2.2,95.0,6,3.86,82.0,Active,5.0,Medium,Moderate,No,Moderate,Inadequate,Low,Terlambat
20240189.0,24,Male,High,Part-time,Suburban,3.38,3.31,110.0,6,2.76,65.0,Active,5.0,Medium,High,No,High,Inadequate,Moderate,Tepat Waktu
20240190.0,21,Male,Moderate,Part-time,Urban,2.72,3.16,93.0,6,3.34,60.0,Inactive,0.0,High,Low,No,Moderate,Inadequate,Moderate,Tepat Waktu
20240191.0,19,Female,Moderate,Employed,Urban,3.1,3.0,83.0,7,2.91,83.0,Inactive,3.0,Medium,High,No,Low,Inadequate,Moderate,Tepat Waktu
20240192.0,25,Male,Moderate,Unemployed,Suburban,3.18,2.61,89.0,8,2.63,92.0,Inactive,5.0,High,Moderate,Yes,Moderate,Inadequate,Moderate,Terlambat
20240193.0,23,Female,Moderate,Part-time,Urban,2.72,2.74,85.0,9,3.63,78.0,Active,5.0,Low,Low,No,Low,Inadequate,High,Terlambat
20240194.0,20,Male,Moderate,Part-time,Urban,2.3,2.56,109.0,10,2.98,61.0,Inactive,4.0,Medium,Low,Yes,Moderate,Adequate,Low,Terlambat
20240195.0,19,Female,Moderate,Employed,Urban,3.51,2.75,91.0,8,3.54,61.0,Inactive,1.0,Medium,High,Yes,High,Inadequate,Moderate,Terlambat
20240196.0,18,Female,High,Employed,Urban,3.67,2.58,117.0,6,2.92,71.0,Active,0.0,Medium,Moderate,Yes,Low,Adequate,High,Terlambat
20240197.0,18,Female,Low,Part-time,Rural,3.02,3.46,130.0,6,2.76,94.0,Moderate,0.0,High,Moderate,No,High,Adequate,Moderate,Tepat Waktu
20240198.0,21,Male,Moderate,Part-time,Urban,3.44,3.58,130.0,8,2.52,60.0,Moderate,4.0,Low,Low,No,Low,Inadequate,Low,Tepat Waktu
20240199.0,25,Male,High,Employed,Urban,2.8,3.45,89.0,9,3.98,90.0,Active,0.0,Low,Low,Yes,Low,Inadequate,Low,Tepat Waktu
20240200.0,20,Male,Moderate,Employed,Rural,2.44,3.84,127.0,9,2.83,77.0,Moderate,5.0,High,Moderate,No,Moderate,Inadequate,Moderate,Tepat Waktu
20240201.0,22,Female,High,Unemployed,Rural,2.12,2.53,104.0,6,2.91,77.0,Inactive,1.0,High,High,No,Moderate,Inadequate,Moderate,Terlambat
20240202.0,25,Male,Moderate,Unemployed,Rural,3.93,2.42,100.0,6,2.72,91.0,Active,1.0,Medium,Moderate,No,Low,Adequate,Moderate,Terlambat
20240203.0,21,Male,Moderate,Unemployed,Rural,3.68,2.11,149.0,8,3.21,69.0,Inactive,2.0,Low,Moderate,Yes,Moderate,Adequate,High,Terlambat
20240204.0,22,Female,Moderate,Employed,Rural,2.92,3.49,147.0,9,2.89,89.0,Moderate,1.0,High,Low,No,Moderate,Adequate,Low,Tepat Waktu
20240205.0,21,Female,Moderate,Employed,Rural,3.05,2.62,97.0,9,3.54,87.0,Inactive,3.0,Medium,Moderate,No,High,Adequate,High,Terlambat
20240206.0,20,Male,High,Part-time,Suburban,3.34,2.35,95.0,8,2.54,92.0,Moderate,5.0,Low,High,Yes,High,Adequate,Moderate,Terlambat
20240207.0,22,Female,High,Employed,Urban,2.52,3.85,96.0,10,2.56,65.0,Inactive,0.0,High,High,No,Moderate,Inadequate,Moderate,Tepat Waktu
20240208.0,25,Male,High,Part-time,Urban,3.81,3.85,124.0,9,2.88,73.0,Moderate,4.0,Medium,High,No,Low,Adequate,Moderate,Tepat Waktu
20240209.0,24,Male,Moderate,Part-time,Rural,3.93,3.2,96.0,9,2.79,65.0,Inactive,3.0,High,Moderate,Yes,Low,Inadequate,High,Tepat Waktu
20240210.0,25,Male,Low,Part-time,Urban,2.14,3.04,142.0,10,3.04,99.0,Moderate,5.0,High,Low,No,Low,Adequate,High,Tepat Waktu
20240211.0,19,Female,Moderate,Employed,Rural,2.61,2.24,105.0,7,3.61,71.0,Inactive,4.0,Low,Low,Yes,Moderate,Adequate,High,Terlambat
20240212.0,25,Female,Moderate,Unemployed,Rural,2.48,2.92,133.0,9,2.56,78.0,Active,4.0,High,Moderate,No,Moderate,Inadequate,Moderate,Terlambat
20240213.0,19,Female,Low,Employed,Urban,3.94,2.19,139.0,10,3.69,78.0,Active,3.0,High,High,No,Moderate,Inadequate,High,Terlambat
20240214.0,24,Female,High,Employed,Suburban,2.75,2.46,86.0,10,3.58,98.0,Moderate,3.0,Medium,High,No,Low,Inadequate,High,Terlambat
20240215.0,23,Male,High,Unemployed,Urban,2.8,3.56,98.0,7,3.92,93.0,Inactive,5.0,Medium,Moderate,No,Low,Adequate,High,Tepat Waktu
20240216.0,20,Female,Low,Employed,Suburban,2.64,2.71,106.0,8,3.98,66.0,Active,4.0,Medium,Low,No,Moderate,Inadequate,Low,Terlambat
20240217.0,19,Female,Moderate,Part-time,Urban,2.05,2.03,140.0,8,3.6,94.0,Inactive,5.0,Low,Low,No,High,Inadequate,Moderate,Terlambat
20240218.0,19,Female,Low,Unemployed,Suburban,2.8,2.64,94.0,8,2.63,68.0,Active,2.0,High,High,Yes,Moderate,Inadequate,Moderate,Terlambat
20240219.0,19,Male,Moderate,Part-time,Suburban,2.3,2.43,140.0,10,3.29,81.0,Inactive,5.0,High,High,Yes,High,Adequate,Moderate,Terlambat
20240220.0,22,Male,Low,Employed,Suburban,2.23,2.77,117.0,8,3.21,91.0,Active,5.0,High,High,No,Low,Inadequate,Low,Terlambat
20240221.0,23,Female,Moderate,Unemployed,Urban,2.37,3.51,109.0,6,3.12,62.0,Inactive,0.0,Low,Low,Yes,Moderate,Adequate,High,Tepat Waktu
20240222.0,25,Female,High,Employed,Rural,2.99,3.43,99.0,7,3.29,78.0,Active,5.0,Low,High,Yes,Low,Inadequate,Moderate,Tepat Waktu
20240223.0,23,Male,High,Employed,Suburban,3.49,3.21,125.0,9,3.9,67.0,Moderate,5.0,Low,Low,Yes,Moderate,Inadequate,Moderate,Tepat Waktu
20240224.0,24,Female,High,Employed,Suburban,2.38,2.68,120.0,7,3.65,98.0,Active,0.0,High,Moderate,Yes,High,Adequate,Low,Terlambat
20240225.0,24,Female,Low,Employed,Rural,2.96,3.15,88.0,9,2.65,63.0,Inactive,5.0,High,High,Yes,Low,Adequate,Low,Tepat Waktu
20240226.0,24,Female,Moderate,Employed,Urban,3.16,3.74,110.0,7,2.86,64.0,Inactive,5.0,High,High,Yes,Low,Adequate,Moderate,Tepat Waktu
20240227.0,22,Male,Moderate,Part-time,Urban,3.51,2.44,113.0,10,2.66,87.0,Moderate,5.0,Medium,Moderate,No,High,Inadequate,High,Terlambat
20240228.0,25,Male,High,Employed,Rural,3.97,3.55,147.0,8,3.0,88.0,Moderate,2.0,High,High,No,Low,Inadequate,High,Tepat Waktu
20240229.0,20,Male,High,Unemployed,Suburban,2.41,2.71,83.0,10,2.54,67.0,Moderate,5.0,Medium,Moderate,No,Low,Adequate,Low,Terlambat
20240230.0,21,Female,High,Part-time,Urban,2.15,3.47,87.0,9,3.41,90.0,Inactive,2.0,Medium,Low,Yes,High,Inadequate,Moderate,Tepat Waktu
20240231.0,19,Male,High,Employed,Urban,3.79,3.44,80.0,8,2.58,68.0,Moderate,0.0,Medium,Low,No,Low,Inadequate,Moderate,Tepat Waktu
20240232.0,19,Female,Moderate,Unemployed,Rural,3.27,2.14,83.0,10,3.47,73.0,Moderate,5.0,Medium,Moderate,No,High,Inadequate,Low,Terlambat
20240233.0,24,Male,Low,Unemployed,Rural,2.85,2.43,85.0,6,2.66,67.0,Inactive,1.0,Medium,Moderate,Yes,High,Adequate,High,Terlambat
20240234.0,22,Female,Moderate,Employed,Rural,3.15,3.61,102.0,10,3.41,77.0,Active,3.0,Medium,High,No,High,Adequate,High,Tepat Waktu
20240235.0,25,Female,Low,Part-time,Urban,2.37,2.33,133.0,9,3.39,88.0,Active,2.0,Medium,High,No,Low,Inadequate,Low,Terlambat
20240236.0,19,Female,Low,Unemployed,Urban,3.72,2.41,95.0,8,3.81,99.0,Active,2.0,High,Moderate,No,Moderate,Inadequate,Low,Terlambat
20240237.0,20,Female,High,Employed,Rural,3.04,2.08,125.0,9,3.72,94.0,Moderate,2.0,High,Moderate,Yes,Low,Adequate,High,Terlambat
20240238.0,23,Male,Moderate,Employed,Urban,3.02,2.63,130.0,8,3.53,79.0,Active,2.0,High,High,No,Low,Adequate,Low,Terlambat
20240239.0,24,Female,High,Unemployed,Urban,3.88,3.08,96.0,6,2.62,76.0,Moderate,4.0,Medium,High,No,High,Inadequate,High,Tepat Waktu
20240240.0,18,Male,Low,Part-time,Suburban,3.17,2.65,117.0,10,3.05,95.0,Active,4.0,Low,Low,Yes,High,Inadequate,High,Terlambat
20240241.0,21,Female,Moderate,Employed,Urban,2.77,2.03,100.0,7,2.84,66.0,Moderate,3.0,High,Low,No,Low,Inadequate,Moderate,Terlambat
20240242.0,21,Male,Moderate,Part-time,Rural,2.06,2.27,83.0,7,3.83,85.0,Inactive,1.0,Low,Moderate,Yes,Low,Inadequate,Moderate,Terlambat
20240243.0,19,Female,Moderate,Employed,Suburban,2.45,3.29,123.0,8,2.6,97.0,Moderate,2.0,High,Moderate,Yes,High,Adequate,Low,Tepat Waktu
20240244.0,25,Male,Moderate,Part-time,Suburban,2.89,2.96,127.0,10,3.39,70.0,Moderate,1.0,Low,Low,No,Low,Inadequate,High,Terlambat
20240245.0,20,Male,Low,Part-time,Urban,2.96,3.06,103.0,7,3.35,99.0,Moderate,2.0,High,Moderate,No,Low,Adequate,Low,Tepat Waktu
20240246.0,18,Female,Moderate,Employed,Rural,2.24,2.92,122.0,10,3.3,94.0,Active,3.0,Low,Moderate,No,Low,Adequate,Low,Terlambat
20240247.0,25,Male,Low,Unemployed,Rural,3.11,3.51,131.0,7,3.26,94.0,Inactive,2.0,Medium,Low,No,Moderate,Adequate,Low,Tepat Waktu
20240248.0,18,Female,Low,Employed,Urban,3.22,2.07,143.0,6,3.25,84.0,Active,5.0,High,High,Yes,Low,Inadequate,High,Terlambat
20240249.0,20,Male,High,Unemployed,Rural,3.1,3.29,118.0,9,3.81,87.0,Active,4.0,High,High,No,High,Inadequate,Low,Tepat Waktu
20240250.0,21,Male,Moderate,Part-time,Rural,2.99,2.87,112.0,9,3.03,66.0,Inactive,5.0,Medium,Moderate,No,Low,Adequate,Low,Terlambat
20240251.0,23,Female,Low,Part-time,Urban,2.89,2.49,132.0,9,2.84,71.0,Inactive,5.0,High,High,Yes,High,Inadequate,Low,Terlambat
20240252.0,24,Male,Low,Unemployed,Suburban,2.57,2.13,145.0,7,3.34,93.0,Inactive,3.0,Low,Moderate,No,High,Inadequate,Low,Terlambat
20240253.0,22,Male,Moderate,Part-time,Urban,3.45,3.14,96.0,8,3.16,84.0,Active,5.0,Medium,High,No,High,Adequate,High,Tepat Waktu
20240254.0,23,Female,Moderate,Unemployed,Rural,2.26,3.13,104.0,9,3.09,67.0,Moderate,3.0,Low,Moderate,Yes,Low,Inadequate,Moderate,Tepat Waktu
20240255.0,21,Female,High,Employed,Rural,3.34,3.26,130.0,10,2.92,85.0,Moderate,2.0,Medium,High,No,Low,Adequate,Moderate,Tepat Waktu
20240256.0,18,Female,Low,Employed,Urban,2.32,2.09,99.0,9,2.79,98.0,Inactive,3.0,Low,Low,Yes,Low,Inadequate,Low,Terlambat
20240257.0,19,Male,Low,Employed,Rural,2.11,3.03,100.0,7,3.24,87.0,Moderate,3.0,Low,Moderate,No,Low,Inadequate,High,Tepat Waktu
20240258.0,22,Female,Moderate,Part-time,Rural,2.93,3.47,100.0,8,2.73,77.0,Inactive,4.0,Low,Low,Yes,Low,Inadequate,Low,Tepat Waktu
20240259.0,19,Female,Moderate,Employed,Rural,2.34,2.84,104.0,6,3.87,75.0,Moderate,3.0,Low,Moderate,Yes,High,Adequate,Moderate,Terlambat
20240260.0,23,Female,High,Employed,Suburban,2.46,3.52,146.0,7,3.84,72.0,Active,1.0,Low,High,Yes,High,Inadequate,Low,Tepat Waktu
20240261.0,19,Male,Low,Employed,Rural,2.63,3.52,84.0,6,2.94,86.0,Active,2.0,High,Moderate,No,High,Adequate,High,Tepat Waktu
20240262.0,22,Female,Moderate,Part-time,Rural,3.34,2.2,146.0,8,3.78,94.0,Inactive,4.0,Medium,Moderate,No,Low,Inadequate,Low,Terlambat
20240263.0,18,Female,Low,Employed,Rural,4.0,2.13,137.0,7,3.14,76.0,Active,3.0,High,Moderate,No,Moderate,Inadequate,Low,Terlambat
20240264.0,21,Female,Moderate,Employed,Urban,2.53,2.81,91.0,6,3.64,86.0,Moderate,5.0,Medium,Low,Yes,High,Adequate,Moderate,Terlambat
20240265.0,18,Female,Moderate,Unemployed,Suburban,2.23,2.15,102.0,8,3.19,76.0,Moderate,3.0,Medium,Low,Yes,Moderate,Adequate,Moderate,Terlambat
20240266.0,21,Female,Low,Employed,Urban,3.63,3.43,114.0,8,3.66,96.0,Moderate,5.0,Medium,High,No,Low,Inadequate,High,Tepat Waktu
20240267.0,22,Male,High,Employed,Rural,3.86,3.41,118.0,8,3.11,80.0,Moderate,0.0,Medium,High,Yes,Moderate,Inadequate,High,Tepat Waktu
20240268.0,19,Female,Low,,Urban,3.85,3.28,123.0,6,3.58,94.0,Active,5.0,High,Low,No,Moderate,Adequate,High,Tepat Waktu
20240269.0,23,Male,Low,Employed,Urban,3.28,3.59,149.0,9,3.25,99.0,Moderate,4.0,High,Low,No,Low,Inadequate,High,Tepat Waktu
20240270.0,23,Female,Low,Unemployed,Urban,2.64,3.05,122.0,8,3.67,94.0,Active,2.0,High,Moderate,No,High,Adequate,High,Tepat Waktu
20240271.0,23,Male,,Unemployed,Rural,3.74,3.97,111.0,6,3.58,87.0,Inactive,4.0,Medium,Low,No,Moderate,Adequate,High,Tepat Waktu
20240272.0,23,Female,High,Part-time,Urban,3.99,2.45,116.0,9,2.9,91.0,Moderate,3.0,Medium,Moderate,No,High,Inadequate,Low,Terlambat
20240273.0,25,Male,Low,Employed,Suburban,3.91,3.13,144.0,6,3.08,81.0,,4.0,Medium,Moderate,No,High,Adequate,High,Tepat Waktu
20240274.0,20,Female,High,Employed,Urban,2.1,3.13,98.0,8,2.74,94.0,Active,0.0,Low,Low,Yes,Low,Inadequate,High,Tepat Waktu
20240275.0,23,Female,High,Employed,Rural,3.18,2.91,93.0,10,3.57,66.0,Inactive,4.0,Low,Moderate,No,High,Inadequate,Low,Terlambat
20240276.0,24,Male,Moderate,Part-time,Suburban,3.35,2.77,143.0,7,3.63,76.0,Moderate,4.0,Medium,High,No,Moderate,Adequate,High,Terlambat
20240277.0,21,Female,Moderate,Unemployed,Suburban,3.44,3.07,104.0,8,3.29,71.0,Moderate,1.0,High,High,No,Moderate,Inadequate,Low,Tepat Waktu
20240278.0,25,Male,Low,Part-time,Urban,3.02,2.18,113.0,10,3.47,80.0,Moderate,0.0,Low,High,Yes,High,Adequate,High,Terlambat
20240279.0,19,Female,Low,Unemployed,Rural,2.41,3.89,80.0,7,3.49,94.0,Active,4.0,Medium,Moderate,Yes,Low,Adequate,Moderate,Tepat Waktu
20240280.0,19,Male,Moderate,Unemployed,Rural,3.96,2.43,146.0,10,2.95,88.0,Active,3.0,Low,Moderate,Yes,Moderate,Inadequate,Moderate,Terlambat
20240281.0,23,Female,High,Employed,Suburban,2.24,2.7,145.0,7,3.35,74.0,Inactive,4.0,High,Low,Yes,Moderate,Inadequate,Low,Terlambat
20240282.0,19,Male,Moderate,Unemployed,Rural,3.83,2.75,102.0,7,3.15,77.0,Inactive,0.0,High,Low,Yes,Low,Adequate,Moderate,Terlambat
20240283.0,25,Male,Low,,Suburban,2.39,3.61,115.0,10,2.65,93.0,Active,0.0,High,Low,Yes,Moderate,Inadequate,High,Tepat Waktu
20240284.0,24,Male,High,Employed,Urban,2.68,2.07,146.0,7,3.85,96.0,Inactive,5.0,High,Moderate,Yes,High,Adequate,Low,Terlambat
20240285.0,18,Male,Moderate,Part-time,Urban,2.54,3.33,110.0,9,2.63,81.0,Moderate,0.0,Medium,Moderate,,Low,Inadequate,High,Tepat Waktu
20240286.0,22,Male,Moderate,Part-time,Rural,2.95,2.18,82.0,10,3.91,89.0,Moderate,5.0,Low,Low,No,Moderate,Adequate,Low,Terlambat
20240287.0,24,Female,Low,Employed,Suburban,3.73,2.12,131.0,9,3.32,81.0,Active,3.0,Medium,Low,Yes,High,Adequate,High,Terlambat
20240288.0,18,Male,Low,Employed,Suburban,3.62,2.03,82.0,7,3.8,87.0,Inactive,2.0,High,Low,No,Low,Adequate,Moderate,Terlambat
20240289.0,23,Female,High,Part-time,Urban,2.12,2.67,143.0,8,3.0,69.0,Active,3.0,Low,Moderate,No,Moderate,Inadequate,Low,Terlambat
20240290.0,22,Female,Low,Employed,Suburban,2.02,2.5,136.0,8,2.86,83.0,Moderate,4.0,High,Moderate,Yes,High,Inadequate,High,Terlambat
20240291.0,25,Male,Low,Employed,Rural,3.97,2.41,128.0,9,3.4,71.0,Moderate,1.0,High,Low,Yes,Moderate,Inadequate,High,Terlambat
20240292.0,18,Female,Moderate,Employed,Urban,3.19,3.64,85.0,7,3.35,92.0,Inactive,4.0,Low,Low,No,Low,Adequate,High,Tepat Waktu
20240293.0,18,Female,Moderate,Employed,Rural,3.88,2.67,82.0,7,3.22,84.0,Inactive,2.0,High,High,Yes,Low,Adequate,High,Terlambat
20240294.0,21,Female,High,Part-time,Rural,2.37,2.0,91.0,10,3.18,92.0,Active,5.0,Low,High,No,High,Inadequate,Moderate,Terlambat
20240295.0,21,Male,Low,Employed,Urban,2.03,2.4,119.0,7,2.83,93.0,Active,4.0,Medium,Low,Yes,Moderate,Inadequate,High,Terlambat
20240296.0,18,Male,Low,Unemployed,Urban,3.04,2.71,135.0,7,3.21,67.0,Active,4.0,High,High,Yes,Low,Inadequate,Low,Terlambat
20240297.0,19,Female,Moderate,Employed,Suburban,3.84,2.95,130.0,9,3.75,62.0,Active,2.0,Low,Moderate,No,High,Inadequate,Low,Terlambat
20240298.0,21,Male,High,Employed,Rural,2.63,3.29,90.0,9,3.75,78.0,Moderate,4.0,Medium,Low,Yes,High,Inadequate,Moderate,Tepat Waktu
20240299.0,24,Female,Low,Employed,Rural,2.3,3.85,86.0,6,2.7,76.0,Inactive,5.0,Medium,High,Yes,Moderate,Inadequate,Low,Tepat Waktu
20240300.0,20,Male,Moderate,Part-time,Rural,2.77,2.59,99.0,9,3.94,78.0,Inactive,4.0,Low,High,Yes,Moderate,Inadequate,Low,Terlambat
20240301.0,25,Male,Moderate,Employed,Urban,3.57,3.02,119.0,10,3.84,73.0,Active,1.0,Medium,Low,No,Moderate,Inadequate,Low,Tepat Waktu
20240302.0,20,Male,High,Part-time,Urban,3.66,3.06,115.0,7,3.31,60.0,Active,1.0,High,Low,Yes,Low,Inadequate,Moderate,Tepat Waktu
20240303.0,18,Male,High,Unemployed,Rural,2.38,3.45,85.0,6,3.98,64.0,Inactive,3.0,Medium,High,Yes,High,Inadequate,Moderate,Tepat Waktu
20240304.0,23,Male,High,Unemployed,Rural,2.66,2.56,92.0,7,3.7,78.0,Moderate,0.0,Low,High,Yes,Moderate,Inadequate,Low,Terlambat
20240305.0,22,Female,Low,Part-time,Urban,3.55,2.92,95.0,10,3.91,94.0,Inactive,2.0,Medium,Moderate,Yes,Moderate,Adequate,Moderate,Terlambat
20240306.0,21,Female,Low,Unemployed,Suburban,3.32,2.2,131.0,10,3.87,76.0,Inactive,2.0,High,High,Yes,Low,Inadequate,High,Terlambat
20240307.0,18,Female,Moderate,Unemployed,Suburban,3.71,2.17,149.0,7,3.37,84.0,Moderate,4.0,Low,High,No,High,Adequate,Moderate,Terlambat
20240308.0,22,Male,High,Employed,Rural,2.69,2.06,129.0,6,2.54,95.0,Active,4.0,Low,Moderate,Yes,Low,Adequate,Low,Terlambat
20240309.0,23,Male,High,Employed,Suburban,3.52,2.46,118.0,7,3.96,63.0,Moderate,1.0,High,Moderate,No,Moderate,Inadequate,Low,Terlambat
20240310.0,20,Male,High,Employed,Rural,2.43,2.45,106.0,6,3.84,75.0,Inactive,2.0,Low,Low,No,High,Adequate,Moderate,Terlambat
20240311.0,23,Female,Low,Unemployed,Urban,2.34,2.11,103.0,10,3.75,76.0,Active,0.0,Low,Low,No,High,Adequate,Moderate,Terlambat
20240312.0,25,Female,High,Unemployed,Urban,3.11,3.06,113.0,7,3.43,96.0,Active,1.0,Low,Low,No,High,Adequate,High,Tepat Waktu
20240313.0,25,Male,Moderate,Part-time,Rural,3.33,3.67,112.0,7,3.17,79.0,Inactive,5.0,High,Low,No,Moderate,Adequate,Low,Tepat Waktu
20240314.0,21,Female,Low,Employed,Rural,2.75,3.66,143.0,8,3.37,94.0,Active,3.0,Low,High,No,High,Adequate,Low,Tepat Waktu
20240315.0,18,Male,Moderate,Employed,Suburban,2.26,3.6,144.0,7,3.8,74.0,Active,2.0,High,Low,Yes,Low,Adequate,Low,Tepat Waktu
20240316.0,18,Female,Moderate,Part-time,Suburban,2.74,2.13,115.0,8,2.84,74.0,Inactive,2.0,Low,High,No,Moderate,Inadequate,Moderate,Terlambat
20240317.0,23,Female,Low,Employed,Urban,3.61,2.44,112.0,6,3.14,99.0,Moderate,2.0,Medium,High,Yes,Moderate,Adequate,Moderate,Terlambat
20240318.0,24,Male,High,Part-time,Rural,3.34,2.35,135.0,7,3.38,80.0,Moderate,0.0,Medium,Low,No,High,Inadequate,High,Terlambat
20240319.0,19,Female,Low,Part-time,Rural,2.08,3.32,92.0,10,2.66,92.0,Moderate,2.0,Medium,Moderate,Yes,Low,Adequate,High,Tepat Waktu
20240320.0,18,Female,Low,Unemployed,Urban,2.11,3.4,150.0,7,3.73,67.0,Active,3.0,High,Low,No,High,Inadequate,High,Tepat Waktu
20240321.0,24,Female,Low,Unemployed,Urban,3.75,2.09,99.0,9,3.74,69.0,Moderate,2.0,High,High,,High,Inadequate,Low,Terlambat
20240322.0,25,Female,High,Employed,Urban,3.26,3.21,122.0,10,3.92,91.0,Active,3.0,Low,Low,No,Low,Inadequate,Low,Tepat Waktu
20240323.0,23,Female,Low,Unemployed,Urban,2.79,2.31,102.0,9,3.82,82.0,Moderate,3.0,High,Low,Yes,Moderate,Inadequate,Moderate,Terlambat
20240324.0,23,Female,High,Part-time,Rural,2.1,3.45,100.0,9,3.57,93.0,Moderate,2.0,High,Low,No,Low,Inadequate,High,Tepat Waktu
20240325.0,23,Female,High,Employed,Rural,2.83,2.25,98.0,10,2.63,92.0,Active,4.0,Medium,High,Yes,Moderate,Adequate,Low,Terlambat
20240326.0,22,Male,Moderate,Unemployed,Urban,3.49,2.36,90.0,7,3.97,76.0,Active,1.0,High,Moderate,,High,Adequate,Low,Terlambat
20240327.0,21,Male,Moderate,Unemployed,Rural,2.48,3.97,113.0,6,3.4,63.0,Active,5.0,Low,High,No,High,Adequate,High,Tepat Waktu
20240328.0,20,Male,Moderate,Part-time,Suburban,2.42,3.81,120.0,10,3.72,94.0,Moderate,0.0,Low,High,Yes,Moderate,Adequate,High,Tepat Waktu
20240329.0,23,Female,Low,Employed,Urban,2.66,3.26,112.0,9,2.97,74.0,Inactive,2.0,High,High,No,Low,Adequate,Low,Tepat Waktu
20240330.0,22,Male,Moderate,Employed,Urban,3.76,3.8,140.0,9,3.85,60.0,Inactive,2.0,High,Low,Yes,High,Adequate,Moderate,Tepat Waktu
20240331.0,20,Female,Moderate,Part-time,Rural,2.12,3.29,82.0,10,2.53,75.0,Moderate,1.0,Low,Moderate,No,Moderate,Inadequate,Low,Tepat Waktu
20240332.0,23,Male,Moderate,Part-time,Urban,3.14,2.45,123.0,6,3.19,61.0,Active,3.0,Medium,Moderate,Yes,High,Inadequate,High,Terlambat
20240333.0,18,Male,High,Employed,Suburban,2.28,2.21,123.0,10,3.12,88.0,Moderate,4.0,High,Moderate,Yes,Moderate,Inadequate,High,Terlambat
20240334.0,23,Female,Moderate,Unemployed,Rural,3.43,3.76,121.0,10,3.35,83.0,Inactive,2.0,Low,Low,Yes,Low,Adequate,Low,Tepat Waktu
20240335.0,22,Male,High,Part-time,Urban,2.25,2.53,106.0,9,3.68,80.0,Inactive,4.0,Medium,Low,Yes,Low,Adequate,High,Terlambat
20240336.0,21,Female,High,Part-time,Rural,2.47,2.22,122.0,6,3.12,94.0,Moderate,5.0,High,Low,Yes,High,Inadequate,Low,Terlambat
20240337.0,19,Female,High,Unemployed,Rural,3.92,3.68,128.0,8,3.88,60.0,Moderate,5.0,Low,Low,Yes,High,Inadequate,Moderate,Tepat Waktu
20240338.0,23,Female,High,Unemployed,Urban,3.72,3.82,100.0,7,2.97,77.0,Active,2.0,Medium,Low,No,Moderate,Adequate,High,Tepat Waktu
20240339.0,20,Male,Low,Unemployed,Urban,3.56,2.85,149.0,9,3.52,67.0,Active,5.0,Low,Moderate,Yes,High,Inadequate,Low,Terlambat
20240340.0,20,Female,Moderate,Unemployed,Rural,2.24,2.94,141.0,8,2.8,72.0,Inactive,2.0,High,Low,No,Moderate,Adequate,Moderate,Terlambat
20240341.0,19,Female,Low,Unemployed,Suburban,2.11,3.35,97.0,10,2.87,62.0,Inactive,2.0,High,Moderate,No,Low,Adequate,Moderate,Tepat Waktu
20240342.0,18,Female,Moderate,Unemployed,Suburban,2.12,2.93,118.0,6,2.9,82.0,Moderate,1.0,Medium,High,No,Low,Inadequate,Low,Terlambat
20240343.0,22,Male,Moderate,Part-time,Rural,2.31,3.55,93.0,8,3.41,95.0,Active,5.0,High,Moderate,Yes,High,Adequate,High,Tepat Waktu
20240344.0,18,Male,High,Part-time,Suburban,3.46,3.25,114.0,8,3.65,86.0,Active,5.0,High,Low,Yes,Low,Inadequate,Low,Tepat Waktu
20240345.0,22,Male,High,Part-time,Rural,2.83,3.94,131.0,9,3.3,79.0,Active,2.0,Low,Low,No,High,Inadequate,Low,Tepat Waktu
20240346.0,18,Female,Moderate,Employed,Urban,3.29,2.8,137.0,7,2.89,60.0,Inactive,2.0,High,High,Yes,High,Inadequate,Moderate,Terlambat
20240347.0,19,Male,Moderate,Unemployed,Urban,2.89,3.52,149.0,8,2.92,100.0,Inactive,0.0,High,Low,No,Low,Inadequate,Low,Tepat Waktu
20240348.0,21,Male,Low,Part-time,Suburban,3.91,2.97,115.0,8,3.59,85.0,Inactive,2.0,Low,High,Yes,High,Adequate,High,Terlambat
20240349.0,23,Female,Low,Unemployed,Rural,3.56,3.61,83.0,8,3.77,86.0,Moderate,5.0,High,High,No,High,Adequate,High,Tepat Waktu
20240350.0,24,Female,High,Part-time,Suburban,3.05,3.21,86.0,7,2.89,88.0,Active,2.0,Low,Low,Yes,Low,Inadequate,Low,Tepat Waktu
20240351.0,22,Female,Moderate,Part-time,Suburban,3.0,3.48,141.0,7,2.96,77.0,Moderate,2.0,High,Low,No,High,Adequate,Low,Tepat Waktu
20240352.0,21,Female,Moderate,Unemployed,Urban,3.26,3.4,85.0,10,3.57,95.0,Inactive,3.0,High,Moderate,No,High,Adequate,High,Tepat Waktu
20240353.0,19,Female,High,Unemployed,Rural,2.46,3.03,101.0,10,2.91,99.0,Moderate,3.0,High,Low,Yes,High,Inadequate,Low,Tepat Waktu
20240354.0,18,Male,High,Employed,Rural,3.41,2.65,139.0,6,3.87,60.0,Moderate,2.0,Low,High,Yes,Moderate,Inadequate,High,Terlambat
20240355.0,20,Female,Moderate,Unemployed,Suburban,4.0,3.63,141.0,6,2.58,84.0,Inactive,4.0,Medium,Moderate,Yes,High,Adequate,Low,Tepat Waktu
20240356.0,18,Male,High,Unemployed,Suburban,2.9,3.74,93.0,10,3.48,93.0,Moderate,5.0,Medium,High,Yes,High,Inadequate,High,Tepat Waktu
20240357.0,18,Male,Moderate,Unemployed,Urban,2.72,3.75,128.0,10,3.3,97.0,Active,5.0,Medium,Low,,Moderate,Inadequate,Moderate,Tepat Waktu
20240358.0,21,Female,Low,Unemployed,Urban,2.81,2.4,130.0,6,3.09,76.0,Moderate,3.0,Medium,Low,Yes,Moderate,Adequate,Moderate,Terlambat
20240359.0,20,Male,High,Unemployed,Suburban,2.28,3.01,131.0,8,3.17,80.0,Moderate,5.0,Low,Moderate,Yes,Moderate,,Moderate,Tepat Waktu
20240360.0,22,Female,High,Unemployed,Urban,2.7,2.51,121.0,7,2.82,75.0,Active,3.0,High,Low,No,Moderate,Adequate,High,Terlambat
20240361.0,18,Female,High,Part-time,Suburban,3.49,2.07,137.0,9,3.24,84.0,Active,2.0,Medium,High,No,High,Adequate,Low,Terlambat
20240362.0,22,Female,Low,Unemployed,Rural,2.63,2.4,137.0,8,3.22,75.0,Inactive,5.0,High,High,Yes,Low,Adequate,Moderate,Terlambat
20240363.0,25,Female,Moderate,Employed,Suburban,2.04,3.87,102.0,10,2.82,83.0,Inactive,3.0,Medium,Low,Yes,Low,Inadequate,High,Tepat Waktu
20240364.0,22,Male,High,Part-time,Suburban,3.73,3.7,111.0,6,3.82,81.0,Active,5.0,High,High,Yes,Low,Inadequate,Moderate,Tepat Waktu
20240365.0,22,Female,High,Part-time,Rural,2.18,3.8,85.0,8,3.14,97.0,Active,1.0,High,Low,No,High,Inadequate,High,Tepat Waktu
20240366.0,20,Male,Low,Employed,Suburban,2.07,2.44,90.0,9,2.68,83.0,Inactive,2.0,Low,Moderate,No,High,Inadequate,High,Terlambat
20240367.0,22,Male,Low,Unemployed,Suburban,3.49,3.44,84.0,9,3.18,67.0,Active,4.0,Medium,Moderate,No,Low,Adequate,Low,Tepat Waktu
20240368.0,19,Female,High,Employed,Rural,3.05,3.65,97.0,8,3.36,60.0,Active,4.0,Medium,High,No,Moderate,Adequate,Low,Tepat Waktu
20240369.0,25,Male,Low,Part-time,Urban,2.71,2.38,86.0,7,3.28,63.0,Moderate,3.0,High,High,Yes,Low,Inadequate,High,Terlambat
20240370.0,18,Female,Low,Employed,Suburban,2.03,3.0,91.0,7,2.65,97.0,Inactive,5.0,High,High,Yes,Moderate,Adequate,Low,Tepat Waktu
20240371.0,22,Female,Moderate,Unemployed,Suburban,2.19,2.86,83.0,7,3.33,88.0,Active,0.0,High,Low,Yes,Low,Adequate,Low,Terlambat
20240372.0,21,Male,High,Unemployed,Suburban,2.44,3.0,91.0,8,3.72,88.0,Inactive,3.0,High,Moderate,Yes,High,Adequate,High,Tepat Waktu
20240373.0,19,Female,Moderate,Part-time,Rural,2.88,2.48,124.0,7,3.87,63.0,Moderate,3.0,High,High,No,Moderate,Adequate,Low,Terlambat
20240374.0,23,Female,Moderate,Part-time,Urban,2.21,3.24,117.0,6,3.74,91.0,Active,1.0,High,High,Yes,Low,Adequate,Moderate,Tepat Waktu
20240375.0,23,Female,High,Unemployed,Rural,3.65,3.51,119.0,6,3.76,61.0,Active,3.0,Medium,Low,Yes,Low,Inadequate,Low,Tepat Waktu
20240376.0,24,Female,Low,Unemployed,Suburban,3.57,2.15,84.0,7,3.2,61.0,Inactive,1.0,Medium,Moderate,Yes,Moderate,Inadequate,Low,Terlambat
20240377.0,25,Female,High,Unemployed,Suburban,2.08,3.99,122.0,8,3.42,87.0,Inactive,3.0,Medium,High,Yes,High,Adequate,High,Tepat Waktu
20240378.0,24,Female,Low,Employed,Rural,3.34,2.55,110.0,6,2.8,67.0,Inactive,0.0,High,Low,No,Moderate,Adequate,Low,Terlambat
20240379.0,18,Female,Low,Unemployed,Urban,3.48,3.84,106.0,7,3.51,77.0,Moderate,2.0,Medium,Low,Yes,Low,Inadequate,High,Tepat Waktu
20240380.0,23,Female,Moderate,Employed,Suburban,2.28,3.64,133.0,8,2.78,69.0,Active,5.0,Low,High,No,High,Adequate,High,Tepat Waktu
20240381.0,25,Male,Moderate,Unemployed,Urban,3.98,3.67,146.0,9,2.67,93.0,Inactive,0.0,Low,High,No,Moderate,Inadequate,Low,Tepat Waktu
20240382.0,22,Male,High,Part-time,Urban,2.87,2.79,145.0,7,4.0,98.0,Active,4.0,Low,Low,No,High,Inadequate,High,Terlambat
20240383.0,24,Male,High,Part-time,Urban,2.81,3.45,149.0,6,3.44,92.0,Inactive,2.0,Medium,High,No,High,Adequate,Moderate,Tepat Waktu
20240384.0,18,Female,High,Employed,Rural,2.27,3.84,95.0,6,3.78,99.0,Inactive,0.0,High,Moderate,Yes,Low,Adequate,Low,Tepat Waktu
20240385.0,20,Male,Moderate,Part-time,Suburban,2.4,3.56,92.0,6,2.58,63.0,Moderate,4.0,Low,Low,Yes,Moderate,Adequate,Moderate,Tepat Waktu
20240386.0,19,Male,High,Unemployed,Suburban,3.35,3.54,92.0,7,3.63,87.0,Moderate,1.0,High,Low,No,Low,Inadequate,Moderate,Tepat Waktu
20240387.0,25,Male,Moderate,Unemployed,Rural,3.43,3.88,140.0,9,3.93,72.0,Active,2.0,High,Low,No,Moderate,Adequate,Low,Tepat Waktu
20240388.0,20,Male,High,Employed,Suburban,3.64,3.25,98.0,10,2.68,79.0,Moderate,2.0,Medium,Low,Yes,Moderate,Adequate,Low,Tepat Waktu
20240389.0,23,Male,High,Employed,Suburban,2.29,2.37,118.0,9,3.75,100.0,Inactive,1.0,High,Moderate,No,Moderate,Inadequate,Low,Terlambat
20240390.0,19,Male,High,Part-time,Urban,3.74,3.03,103.0,6,3.72,72.0,Moderate,1.0,Medium,Moderate,No,Moderate,Adequate,Moderate,Tepat Waktu
20240391.0,18,Male,Moderate,Employed,Suburban,2.14,2.4,121.0,6,3.33,60.0,Active,3.0,Medium,High,No,High,Inadequate,Low,Terlambat
20240392.0,23,Male,Low,Employed,Rural,2.72,2.59,96.0,10,3.92,100.0,Inactive,0.0,Medium,Low,No,Low,Inadequate,Moderate,Terlambat
20240393.0,18,Female,High,Part-time,Urban,2.12,3.24,139.0,9,3.3,75.0,Moderate,1.0,Medium,Moderate,Yes,Moderate,Inadequate,High,Tepat Waktu
20240394.0,18,Female,Low,Part-time,Urban,2.42,3.55,94.0,10,2.62,89.0,Moderate,4.0,Low,Moderate,Yes,Low,Adequate,Low,Tepat Waktu
20240395.0,24,Male,Low,Unemployed,Urban,2.54,3.9,113.0,9,3.12,82.0,Moderate,5.0,High,Moderate,No,Moderate,Inadequate,Low,Tepat Waktu
20240396.0,18,Female,Low,Employed,Urban,3.45,2.58,90.0,10,3.89,91.0,Moderate,3.0,Medium,High,No,Low,Adequate,Moderate,Terlambat
20240397.0,21,Female,High,Employed,Rural,3.83,2.17,119.0,7,2.69,70.0,Active,5.0,Low,High,Yes,Moderate,Inadequate,Low,Terlambat
20240398.0,23,Female,Moderate,Part-time,Rural,2.19,2.88,148.0,6,2.61,92.0,Active,5.0,High,Moderate,No,High,Inadequate,Moderate,Terlambat
20240399.0,21,Female,Moderate,Unemployed,Suburban,3.83,3.57,105.0,6,3.12,71.0,Inactive,4.0,High,Moderate,No,Low,Inadequate,Low,Tepat Waktu
20240400.0,21,Male,Low,Unemployed,Rural,3.76,3.27,104.0,7,3.23,92.0,Moderate,4.0,Low,Moderate,No,Moderate,Adequate,High,Tepat Waktu
20240401.0,24,Male,Low,Unemployed,Urban,2.77,3.47,103.0,6,3.45,80.0,Active,0.0,Medium,Low,Yes,Moderate,Inadequate,Moderate,Tepat Waktu
20240402.0,20,Female,High,Employed,Suburban,3.46,2.69,124.0,6,3.64,77.0,Active,5.0,Medium,High,No,Low,Inadequate,High,Terlambat
20240403.0,20,Female,Moderate,Part-time,Suburban,3.83,3.13,135.0,6,2.92,95.0,Active,1.0,Medium,Low,Yes,High,Inadequate,High,Tepat Waktu
20240404.0,18,Male,Moderate,Employed,Rural,2.78,2.58,149.0,9,3.79,64.0,Active,3.0,High,Low,No,Moderate,Inadequate,High,Terlambat
20240405.0,18,Female,High,,Rural,3.09,3.15,116.0,8,2.86,69.0,Inactive,5.0,Medium,Moderate,No,Low,Inadequate,Moderate,Tepat Waktu
20240406.0,23,Female,Moderate,Part-time,Rural,3.94,3.91,124.0,7,3.18,84.0,Inactive,0.0,High,Moderate,Yes,Moderate,Adequate,High,Tepat Waktu
20240407.0,24,Female,Low,,Suburban,2.41,3.79,126.0,8,3.76,82.0,Inactive,4.0,High,Moderate,No,High,Inadequate,Low,Tepat Waktu
20240408.0,24,Male,High,Unemployed,Suburban,2.74,3.85,133.0,8,3.0,94.0,Moderate,4.0,Low,High,Yes,Moderate,Inadequate,High,Tepat Waktu
20240409.0,21,Female,High,,Suburban,3.67,3.73,83.0,10,3.57,99.0,Moderate,5.0,High,Low,Yes,Low,Adequate,Moderate,Tepat Waktu
20240410.0,19,Female,Moderate,Employed,Urban,2.18,2.16,131.0,10,2.95,92.0,Active,2.0,Medium,High,Yes,High,Adequate,Moderate,Terlambat
20240411.0,22,Male,,Employed,Urban,3.95,3.62,93.0,6,2.67,67.0,Active,3.0,Low,Low,No,Moderate,Inadequate,Low,Tepat Waktu
20240412.0,25,Male,High,Employed,Suburban,3.47,2.66,90.0,8,3.23,90.0,Inactive,3.0,Low,Low,Yes,Moderate,Inadequate,Moderate,Terlambat
20240413.0,21,Female,High,Employed,Suburban,3.83,2.34,140.0,8,2.98,75.0,Active,2.0,Low,Moderate,No,High,Inadequate,High,Terlambat
20240414.0,24,Male,High,Part-time,Suburban,2.84,3.93,138.0,6,3.87,68.0,Active,0.0,High,High,No,Low,Adequate,High,Tepat Waktu
20240415.0,22,Female,Moderate,Unemployed,Rural,2.77,3.88,80.0,9,3.45,99.0,Inactive,0.0,High,High,No,Moderate,Adequate,Low,Tepat Waktu
20240416.0,21,Male,Moderate,Employed,Rural,2.17,3.68,137.0,8,3.19,91.0,,1.0,High,Moderate,Yes,High,Inadequate,Moderate,Tepat Waktu
20240417.0,24,Male,Low,Employed,Urban,2.69,2.75,120.0,6,3.82,87.0,Active,2.0,High,High,Yes,Low,Adequate,High,Terlambat
20240418.0,20,Male,High,Unemployed,Suburban,2.93,3.11,85.0,6,3.98,89.0,Inactive,4.0,High,High,Yes,Low,Adequate,Low,Tepat Waktu
20240419.0,18,Female,High,Employed,Urban,2.96,3.38,110.0,6,3.13,80.0,Active,1.0,High,Moderate,No,High,Inadequate,High,Tepat Waktu
20240420.0,18,Male,High,Employed,,2.48,3.72,135.0,9,2.69,91.0,Active,5.0,Low,High,No,High,Adequate,Moderate,Tepat Waktu
20240421.0,19,,,,Urban,3.4,,103.0,8,3.3,68.0,Inactive,2.0,Medium,Low,Yes,Moderate,Adequate,Low,Terlambat
20240422.0,23,Female,High,Part-time,Suburban,2.78,3.01,84.0,10,2.8,95.0,Inactive,5.0,Medium,Low,Yes,Moderate,Inadequate,High,Tepat Waktu
20240423.0,18,Female,Moderate,Part-time,Suburban,2.71,2.23,81.0,7,2.7,94.0,Active,5.0,Low,Moderate,Yes,High,Inadequate,Low,Terlambat
20240424.0,19,Female,Low,Unemployed,Suburban,2.11,3.97,146.0,8,3.65,82.0,Moderate,3.0,Medium,Low,No,Moderate,Adequate,Moderate,Tepat Waktu
20240425.0,25,Female,High,Employed,Urban,2.85,3.64,94.0,7,3.98,79.0,Inactive,2.0,Medium,Moderate,No,High,Inadequate,High,Tepat Waktu
20240426.0,23,Male,Moderate,Part-time,Urban,2.94,,125.0,9,3.14,74.0,Active,4.0,Medium,Low,Yes,Low,Adequate,Moderate,Tepat Waktu
20240427.0,21,Male,High,Employed,Suburban,3.95,3.08,110.0,10,3.43,97.0,Active,0.0,Medium,High,No,Low,Inadequate,Low,Tepat Waktu
20240428.0,24,Male,Moderate,Unemployed,Rural,2.03,2.84,,9,3.92,70.0,Moderate,4.0,High,High,Yes,Moderate,Adequate,Low,Terlambat
20240429.0,24,Male,Low,Employed,Suburban,2.29,3.62,115.0,9,2.66,76.0,Moderate,4.0,High,Low,No,High,Inadequate,Low,Tepat Waktu
20240430.0,22,Male,Low,Employed,Suburban,3.66,2.71,120.0,8,3.88,71.0,Moderate,1.0,Low,Low,Yes,Moderate,Adequate,Low,Terlambat
20240431.0,18,Female,Low,Unemployed,Suburban,3.35,3.06,83.0,10,3.84,76.0,Active,2.0,Medium,Moderate,No,Low,Inadequate,Moderate,Tepat Waktu
20240432.0,20,Female,Low,Employed,Suburban,2.84,3.7,128.0,8,3.64,97.0,Moderate,5.0,Medium,Low,Yes,Moderate,Inadequate,Low,Tepat Waktu
20240433.0,18,Female,Low,Unemployed,Rural,2.03,3.38,96.0,8,3.15,69.0,Moderate,5.0,Low,Low,No,High,Adequate,Low,Tepat Waktu
20240434.0,21,Male,Low,Unemployed,Suburban,3.29,3.68,99.0,10,3.89,69.0,Inactive,1.0,Medium,Low,No,Low,Inadequate,High,Tepat Waktu
20240435.0,18,Male,Moderate,Part-time,,,,99.0,10,2.68,69.0,Inactive,1.0,High,Low,No,High,Adequate,Low,Tepat Waktu
20240436.0,22,Male,High,Unemployed,Rural,3.65,3.55,105.0,8,3.9,95.0,Moderate,4.0,Low,Moderate,No,Low,Inadequate,Low,Tepat Waktu
20240437.0,20,Female,High,Employed,Urban,2.11,3.96,85.0,10,2.66,95.0,Inactive,5.0,Low,Low,Yes,High,Adequate,High,Tepat Waktu
20240438.0,20,Female,Low,Part-time,Rural,3.0,3.22,133.0,6,2.88,63.0,Inactive,0.0,Low,High,Yes,Moderate,Adequate,Moderate,Tepat Waktu
20240439.0,22,Male,Low,Unemployed,Rural,2.2,3.58,101.0,6,3.45,60.0,Inactive,4.0,Medium,Low,Yes,Moderate,Inadequate,Moderate,Tepat Waktu
20240440.0,19,Male,High,Employed,Suburban,3.15,3.34,96.0,9,3.79,72.0,Inactive,4.0,Medium,High,No,High,Inadequate,Low,Tepat Waktu
20240441.0,23,Female,Low,Part-time,Rural,2.41,2.45,128.0,9,3.32,82.0,Active,4.0,Medium,High,No,High,Inadequate,Low,Terlambat
20240442.0,24,Male,High,Part-time,Suburban,2.77,3.16,123.0,7,3.6,97.0,,1.0,Medium,Low,Yes,Low,Adequate,Moderate,Tepat Waktu
20240443.0,23,Female,Moderate,Part-time,Urban,2.07,2.43,139.0,6,3.82,61.0,Active,3.0,Low,High,No,Moderate,Adequate,Low,Terlambat
20240444.0,20,Female,Low,Employed,Suburban,2.91,2.15,107.0,8,3.64,78.0,Active,3.0,Low,Moderate,Yes,Low,Inadequate,Moderate,Terlambat
20240445.0,18,Male,High,Part-time,Urban,3.49,3.11,141.0,9,2.91,89.0,Inactive,4.0,High,Moderate,Yes,Low,Inadequate,Low,Tepat Waktu
20240446.0,23,Female,Moderate,Employed,Urban,3.34,2.12,88.0,9,2.97,94.0,Active,0.0,Medium,High,No,Moderate,Adequate,Moderate,Terlambat
20240447.0,21,Male,Low,Unemployed,Rural,2.62,3.73,102.0,7,2.98,86.0,Moderate,0.0,Medium,Moderate,Yes,High,Inadequate,Moderate,Tepat Waktu
20240448.0,21,Male,Low,Part-time,Urban,3.07,3.89,82.0,6,3.73,78.0,Moderate,3.0,High,High,No,Low,Adequate,High,Tepat Waktu
20240449.0,21,Male,Moderate,Unemployed,Urban,3.4,3.1,132.0,8,2.71,88.0,Moderate,3.0,High,High,No,High,Inadequate,High,Tepat Waktu
20240450.0,19,Male,Low,Unemployed,Rural,3.76,2.64,128.0,6,3.73,79.0,Inactive,1.0,High,Moderate,No,Moderate,Adequate,Moderate,Terlambat
20240451.0,24,Female,Moderate,Employed,Rural,3.4,2.11,108.0,10,3.53,87.0,Inactive,4.0,Medium,Low,Yes,Low,Adequate,High,Terlambat
20240452.0,19,Female,High,Employed,Urban,2.4,3.49,105.0,8,3.26,84.0,Moderate,5.0,Low,Moderate,Yes,Moderate,Adequate,Low,Tepat Waktu
20240453.0,20,Male,Low,Employed,Urban,3.61,2.35,89.0,8,3.41,74.0,Inactive,2.0,Low,Low,No,High,Adequate,High,Terlambat
20240454.0,20,Female,High,Unemployed,Rural,2.8,2.84,144.0,6,2.94,98.0,Moderate,2.0,High,High,No,Low,Adequate,High,Terlambat
20240455.0,21,Female,Low,Employed,Urban,2.13,3.43,85.0,8,2.61,96.0,Inactive,3.0,Low,Low,Yes,Low,Adequate,High,Tepat Waktu
20240456.0,19,Male,Low,Unemployed,Suburban,3.13,,139.0,6,2.95,80.0,Inactive,1.0,Low,Moderate,No,Low,Adequate,High,Terlambat
20240457.0,18,Male,Moderate,Employed,Urban,2.64,2.04,137.0,10,3.01,87.0,Inactive,5.0,Medium,High,Yes,Low,Adequate,Low,Terlambat
20240458.0,22,Male,High,Employed,Suburban,2.51,3.18,129.0,8,3.64,70.0,Moderate,,Medium,High,No,Moderate,Inadequate,High,Tepat Waktu
20240459.0,21,Female,High,Employed,Suburban,3.31,3.18,116.0,7,2.64,73.0,Inactive,1.0,Low,High,,Moderate,Inadequate,Moderate,Tepat Waktu
20240460.0,20,Female,Moderate,Part-time,Suburban,3.8,3.99,108.0,7,3.84,99.0,Inactive,0.0,Medium,Low,No,High,Inadequate,High,
20240461.0,19,Female,Low,Unemployed,Rural,2.19,2.45,99.0,8,3.33,60.0,Moderate,2.0,Medium,Moderate,No,High,Adequate,High,Terlambat
20240462.0,19,Male,Moderate,Part-time,Urban,3.11,3.25,111.0,10,3.43,78.0,Inactive,4.0,Low,Moderate,No,Low,Adequate,High,Tepat Waktu
20240463.0,25,Male,Moderate,Part-time,Rural,3.31,2.81,142.0,7,3.57,64.0,Moderate,1.0,Medium,High,Yes,High,Inadequate,Moderate,Terlambat
20240464.0,21,Female,Low,Unemployed,Urban,2.5,3.76,108.0,7,2.83,100.0,Active,0.0,High,Moderate,No,Low,Inadequate,High,Tepat Waktu
20240465.0,21,Female,Low,Part-time,Suburban,2.8,3.22,105.0,6,3.15,95.0,Moderate,5.0,Low,Moderate,No,High,Inadequate,Moderate,Tepat Waktu
20240466.0,21,Female,Low,Employed,Suburban,2.63,2.04,113.0,8,2.59,87.0,Moderate,0.0,Medium,High,No,Moderate,Inadequate,Low,Terlambat
20240467.0,24,Female,Low,Employed,Urban,3.55,2.83,142.0,9,3.41,94.0,Inactive,2.0,Medium,Low,No,Low,Inadequate,Low,Terlambat
20240468.0,18,Male,Moderate,Part-time,Rural,3.13,2.47,122.0,10,3.67,66.0,Active,1.0,Medium,Moderate,No,Low,Inadequate,High,Terlambat
20240469.0,19,Male,Low,Part-time,Suburban,3.82,2.0,115.0,7,2.92,76.0,Moderate,4.0,High,Low,Yes,Low,Inadequate,High,Terlambat
20240470.0,19,Male,High,Unemployed,Urban,3.06,2.68,143.0,7,2.58,62.0,Inactive,5.0,Medium,High,Yes,Moderate,Adequate,Moderate,Terlambat
20240471.0,24,Female,Moderate,Part-time,Urban,2.92,3.96,96.0,7,3.17,63.0,Moderate,3.0,Medium,Moderate,Yes,High,Adequate,High,Tepat Waktu
20240472.0,18,Male,High,Part-time,Rural,3.04,2.8,136.0,10,3.74,66.0,Inactive,3.0,High,Low,No,Moderate,Inadequate,Moderate,Terlambat
20240473.0,19,,Moderate,Employed,Suburban,2.43,3.58,108.0,9,2.67,96.0,Moderate,2.0,High,Moderate,No,Moderate,Adequate,Moderate,Tepat Waktu
20240474.0,19,Male,Low,,Urban,2.08,3.98,106.0,10,2.57,76.0,Moderate,0.0,Medium,Low,Yes,Moderate,Inadequate,Moderate,Tepat Waktu
20240475.0,21,Female,Moderate,Part-time,Urban,3.71,3.37,133.0,10,3.97,69.0,Moderate,2.0,Medium,Moderate,Yes,High,Inadequate,Low,Tepat Waktu
20240476.0,23,Female,High,Unemployed,Rural,3.03,3.03,117.0,9,3.66,94.0,Inactive,4.0,Low,High,No,Moderate,Inadequate,High,Tepat Waktu
20240477.0,19,Male,High,Employed,Suburban,3.4,3.49,145.0,8,2.6,82.0,Moderate,,Low,High,No,,Adequate,Moderate,
20240478.0,23,Male,Moderate,Employed,Suburban,3.72,2.42,99.0,8,3.2,99.0,Moderate,5.0,Low,Low,Yes,High,Inadequate,Low,Terlambat
20240479.0,19,Male,High,Part-time,Rural,2.37,2.63,110.0,9,3.58,64.0,Moderate,0.0,Medium,Moderate,Yes,High,Inadequate,Moderate,Terlambat
20240480.0,25,Male,Low,Unemployed,Urban,2.69,3.43,149.0,7,3.63,89.0,Moderate,1.0,Medium,High,No,Low,Adequate,Moderate,Tepat Waktu
20240481.0,23,Male,High,Employed,Urban,2.81,3.6,109.0,6,2.59,73.0,Inactive,4.0,Medium,High,Yes,High,Inadequate,High,Tepat Waktu
20240482.0,25,Male,High,Employed,Urban,2.09,3.73,112.0,10,3.92,76.0,Inactive,3.0,Low,Moderate,Yes,Moderate,Inadequate,High,Tepat Waktu
20240483.0,18,Male,Low,Employed,Rural,3.23,3.91,93.0,6,3.01,87.0,Moderate,4.0,High,Moderate,No,Moderate,Inadequate,High,Tepat Waktu
20240484.0,23,Female,Moderate,Employed,Urban,2.24,3.5,124.0,6,3.74,64.0,Moderate,0.0,Low,Moderate,No,High,Inadequate,Moderate,Tepat Waktu
20240485.0,24,Female,Low,Employed,Rural,2.7,3.43,119.0,7,3.59,100.0,Inactive,0.0,Medium,High,No,High,Inadequate,Low,Tepat Waktu
20240486.0,22,Male,Low,Employed,Rural,3.53,3.64,138.0,6,2.91,87.0,Inactive,0.0,Medium,Moderate,Yes,Low,Inadequate,High,Tepat Waktu
20240487.0,18,Male,Moderate,Unemployed,Urban,3.0,2.69,113.0,6,2.72,83.0,Inactive,3.0,Low,High,No,Low,Inadequate,High,Terlambat
20240488.0,25,Male,High,Part-time,Suburban,3.36,3.86,111.0,6,2.78,89.0,Moderate,4.0,High,Moderate,No,Moderate,Adequate,Low,Tepat Waktu
20240489.0,19,Female,Low,Unemployed,Urban,3.21,3.49,140.0,9,2.57,73.0,Moderate,2.0,High,Low,Yes,Moderate,Inadequate,Low,Tepat Waktu
20240490.0,22,Male,Moderate,Part-time,Rural,3.27,2.02,120.0,8,3.63,94.0,Active,3.0,Medium,High,Yes,Low,Inadequate,Low,Terlambat
20240491.0,23,Male,Moderate,Part-time,Rural,3.49,2.58,105.0,6,3.99,98.0,Active,4.0,Low,Moderate,No,Low,Adequate,High,Terlambat
20240492.0,21,Female,Moderate,Unemployed,Rural,3.28,2.43,82.0,9,3.83,96.0,Moderate,5.0,High,Moderate,Yes,Moderate,Adequate,High,Terlambat
20240493.0,18,Male,High,Part-time,,3.4,2.52,139.0,6,2.61,81.0,Inactive,0.0,Medium,Moderate,Yes,High,Adequate,Moderate,Terlambat
20240494.0,18,Male,High,Unemployed,Suburban,2.14,3.52,136.0,9,2.94,79.0,Active,4.0,Low,Moderate,Yes,Moderate,Inadequate,High,Tepat Waktu
20240495.0,22,Female,Low,Part-time,Suburban,3.37,2.92,144.0,8,3.27,74.0,Active,0.0,Low,High,Yes,High,Adequate,Low,Terlambat
20240496.0,21,Male,Low,Unemployed,Suburban,2.3,3.21,112.0,9,2.52,60.0,Active,0.0,Medium,Low,No,High,Adequate,Low,Tepat Waktu
20240497.0,22,Male,Low,Employed,Urban,2.12,2.63,96.0,8,2.79,64.0,Active,3.0,High,Low,No,Moderate,Inadequate,Moderate,Terlambat
20240498.0,20,Male,Low,Part-time,Urban,3.08,3.69,147.0,6,2.93,63.0,,1.0,High,High,Yes,Low,Adequate,Low,Tepat Waktu
20240499.0,25,Female,Low,Employed,Rural,3.31,3.55,134.0,9,2.79,76.0,Active,4.0,Low,Moderate,Yes,Moderate,Adequate,Low,Tepat Waktu
20240500.0,20,Male,High,Employed,Urban,3.7,3.43,101.0,7,2.85,88.0,Active,5.0,High,Moderate,No,Moderate,Inadequate,High,Tepat Waktu
